<?xml version="1.0" encoding="UTF-8"?>
<Report>
  <System MajorVersion="6" MinorVersion="1" ServicePackMajor="1" ServicePackMinor="0" BuildNumber="7601" Sku="4" Platform="2" />
  <UserActionData>
    <RecordSession SessionCount="1" StartTime="1:20:07 PM" StopTime="1:20:16 PM" ActionCount="4" MissedActionCount="0">
      <EachAction ActionNumber="1" Time="1:20:11 PM" Pid="17144" ProgramId="0006cff2e7a9208a75c8e25cde51807ee8a000000000" FileId="00005b147487d7f830f236ddca393976f8e27cf7b385" FileVersion="8.0.0.0" FileDescription="NetBeans IDE" FileCompany="Oracle Corporation" FileName="netbeans64.exe" CommandLine="NETBEANS64.EXE">
        <Description>User mouse wheel down in "DataModelLogger - NetBeans IDE 8.0.2"</Description>
        <Action>Mouse Wheel Down</Action>
        <CursorCoordsXY>2188,461</CursorCoordsXY>
        <ScreenCoordsXYWH>-565,0,3520,1465</ScreenCoordsXYWH>
        <UIStack>
          <Level Name="DataModelLogger - NetBeans IDE 8.0.2" RoleId="9" Role="window" ClassName="SunAwtFrame" Coordinates="-573,1592,1936,1216" />
        </UIStack>
        <ScreenshotFileName>screenshot_0001.jpeg</ScreenshotFileName>
      </EachAction>
      <EachAction ActionNumber="2" Time="1:20:12 PM" Pid="17144" ProgramId="0006cff2e7a9208a75c8e25cde51807ee8a000000000" FileId="00005b147487d7f830f236ddca393976f8e27cf7b385" FileVersion="8.0.0.0" FileDescription="NetBeans IDE" FileCompany="Oracle Corporation" FileName="netbeans64.exe" CommandLine="NETBEANS64.EXE">
        <Description>User left click in "DataModelLogger - NetBeans IDE 8.0.2"</Description>
        <Action>Mouse Left Click</Action>
        <CursorCoordsXY>2188,461</CursorCoordsXY>
        <ScreenCoordsXYWH>-565,0,3520,1465</ScreenCoordsXYWH>
        <UIStack>
          <Level Name="DataModelLogger - NetBeans IDE 8.0.2" RoleId="9" Role="window" ClassName="SunAwtFrame" Coordinates="-573,1592,1936,1216" />
        </UIStack>
        <ScreenshotFileName>screenshot_0002.jpeg</ScreenshotFileName>
      </EachAction>
      <EachAction ActionNumber="3" Time="1:20:12 PM" Pid="17144" ProgramId="0006cff2e7a9208a75c8e25cde51807ee8a000000000" FileId="00005b147487d7f830f236ddca393976f8e27cf7b385" FileVersion="8.0.0.0" FileDescription="NetBeans IDE" FileCompany="Oracle Corporation" FileName="netbeans64.exe" CommandLine="NETBEANS64.EXE">
        <Description>User mouse wheel down in "DataModelLogger - NetBeans IDE 8.0.2"</Description>
        <Action>Mouse Wheel Down</Action>
        <CursorCoordsXY>2187,461</CursorCoordsXY>
        <ScreenCoordsXYWH>-565,0,3520,1465</ScreenCoordsXYWH>
        <UIStack>
          <Level Name="DataModelLogger - NetBeans IDE 8.0.2" RoleId="9" Role="window" ClassName="SunAwtFrame" Coordinates="-573,1592,1936,1216" />
        </UIStack>
        <ScreenshotFileName>screenshot_0003.jpeg</ScreenshotFileName>
      </EachAction>
      <EachAction ActionNumber="4" Time="1:20:16 PM" Pid="22908" ProgramId="0006d7782336d2dd4cf977c159e51958dba600000000" FileId="00008c2c2f3d687fe99d9a724514f09f53bcb989a1e0" FileVersion="8.0.51.16" FileDescription="Java(TM) Platform SE binary" FileCompany="Oracle Corporation" FileName="java.exe" CommandLine="JAVA\JDK1.8.0_51\BIN\JAVA  -DFILE.ENCODING=UTF-8 -CLASSPATH  C:\GIT\DATAMODELLOGGER\DIST\RUN1581086333\DATAMODELLOGGER.JAR;C:\GIT\DATAMODELLOGGER\OJDBC6.JAR;C:\GIT\DATAMODELLOGGER\SQLJDBC4-2.0.JAR;C:\PROGRAM FILES\JAVA\JDK1.8.0_51\JRE\LIB\JAVAWS.JAR;C:\PROGRAM FILES\JAVA\JDK1.8.0_51\JRE\LIB\DEPLOY.JAR;C:\PROGRAM FILES\JAVA\JDK1.8.0_51\JRE\LIB\PLUGIN.JAR  -JAR C:\GIT\DATAMODELLOGGER\DIST\RUN1581086333\DATAMODELLOGGER.JAR">
        <Description>User left click in "Data Model Logger"</Description>
        <Action>Mouse Left Click</Action>
        <CursorCoordsXY>939,394</CursorCoordsXY>
        <ScreenCoordsXYWH>-565,0,3520,1465</ScreenCoordsXYWH>
        <UIStack>
          <Level Name="Data Model Logger" RoleId="9" Role="window" ClassName="GlassWndClass-GlassWindowClass-2" Coordinates="158,590,420,385" />
        </UIStack>
        <ScreenshotFileName>screenshot_0004.jpeg</ScreenshotFileName>
      </EachAction>
    </RecordSession>
  </UserActionData>
</Report>