<?xml version="1.0" encoding="UTF-8"?>
<Report>
  <System MajorVersion="6" MinorVersion="1" ServicePackMajor="1" ServicePackMinor="0" BuildNumber="7601" Sku="4" Platform="2" />
  <UserActionData>
    <RecordSession SessionCount="1" StartTime="1:30:32 PM" StopTime="1:30:32 PM" ActionCount="1" MissedActionCount="0">
      <EachAction ActionNumber="1" Time="1:30:32 PM" Pid="32200" ProgramId="0006d7782336d2dd4cf977c159e51958dba600000000" FileId="00008c2c2f3d687fe99d9a724514f09f53bcb989a1e0" FileVersion="8.0.51.16" FileDescription="Java(TM) Platform SE binary" FileCompany="Oracle Corporation" FileName="java.exe" CommandLine="JAVA\JDK1.8.0_51\BIN\JAVA  -DFILE.ENCODING=UTF-8 -CLASSPATH  C:\GIT\DATAMODELLOGGER\DIST\RUN106777679\DATAMODELLOGGER.JAR;C:\GIT\DATAMODELLOGGER\OJDBC6.JAR;C:\GIT\DATAMODELLOGGER\SQLJDBC4-2.0.JAR;C:\PROGRAM FILES\JAVA\JDK1.8.0_51\JRE\LIB\JAVAWS.JAR;C:\PROGRAM FILES\JAVA\JDK1.8.0_51\JRE\LIB\DEPLOY.JAR;C:\PROGRAM FILES\JAVA\JDK1.8.0_51\JRE\LIB\PLUGIN.JAR  -JAR C:\GIT\DATAMODELLOGGER\DIST\RUN106777679\DATAMODELLOGGER.JAR">
        <Description>User left click in "Data Model Logger"</Description>
        <Action>Mouse Left Click</Action>
        <CursorCoordsXY>885,395</CursorCoordsXY>
        <ScreenCoordsXYWH>-565,0,3520,1465</ScreenCoordsXYWH>
        <UIStack>
          <Level Name="Data Model Logger" RoleId="9" Role="window" ClassName="GlassWndClass-GlassWindowClass-2" Coordinates="158,590,420,385" />
        </UIStack>
        <ScreenshotFileName>screenshot_0001.jpeg</ScreenshotFileName>
      </EachAction>
    </RecordSession>
  </UserActionData>
</Report>